title, author, publishingYear, ISBN
"utilize bleeding-edge web services","Christopher Ashley",2018,"978-0-678-87237-6"
"synthesize cross-media deliverables","Earl Mccormick",2001,"978-1-283-63980-4"
"repurpose user-centric systems","Diana Tran",2020,"978-1-150-71916-5"
"unleash global solutions","Catherine Johnson",2006,"978-1-09-506339-2"
"aggregate impactful models","Sarah Garcia",2003,"978-1-268-83207-7"
"innovate compelling web-readiness","Carrie Garcia",2005,"978-1-104-25008-9"
"deploy ubiquitous functionalities","Charlotte Deleon",2008,"978-0-409-35808-7"
"embrace B2B applications","Ryan Sullivan",2010,"978-1-280-35640-7"
"e-enable strategic e-tailers","Adam Rose",1994,"978-1-56053-300-9"
"re-intermediate best-of-breed e-markets","Andrew Powell",2013,"978-1-04-215715-0"
"enable virtual mindshare","Lindsey Edwards",2018,"978-0-88252-558-7"
"repurpose rich communities","Erika Davis",1991,"978-1-9750-6090-9"
"engineer real-time e-tailers","Jessica Gibson",1990,"978-0-641-80483-0"
"target out-of-the-box bandwidth","Jordan Barnes",2008,"978-1-249-85373-2"
"reinvent back-end markets","Richard Chang",2003,"978-1-894751-46-9"
"productize frictionless eyeballs","Todd Jenkins",2011,"978-0-00-015248-0"
"expedite e-business initiatives","Jeremy Dixon",2018,"978-0-7747-6253-3"
"transform one-to-one supply-chains","Philip Williams",2006,"978-1-76858-598-5"
"e-enable B2C systems","Toni Rose",2005,"978-0-8322-8975-0"
"re-intermediate virtual web-readiness","Elizabeth Case",1998,"978-0-685-00465-4"
"redefine impactful supply-chains","Jamie Price",2012,"978-1-147-23583-8"
"visualize transparent partnerships","Jessica Moore",1991,"978-1-4959-6426-8"
"utilize turn-key functionalities","Paul Hancock",2008,"978-0-16-374898-8"
"generate extensible users","Nicholas Richardson",2020,"978-1-4284-4248-1"
"implement 24/7 interfaces","Angela Jones",2012,"978-1-4485-3182-0"
"morph interactive niches","Timothy Sosa",2016,"978-0-202-44223-5"
"engage wireless supply-chains","Sheila Weeks",2014,"978-1-997628-70-5"
"seize extensible technologies","Emily Lee",2014,"978-1-192-50145-2"
"enable visionary metrics","Omar Rodriguez",2019,"978-1-83961-689-1"
"facilitate one-to-one schemas","Richard Cruz",2004,"978-1-06-921656-4"
"extend world-class channels","Kimberly Torres",2020,"978-1-72643-300-6"
"drive enterprise vortals","Anthony Robinson",2010,"978-1-114-27690-1"
"target revolutionary communities","Amy Porter",2019,"978-1-265-97395-7"
"embrace dot-com e-commerce","Timothy Medina MD",1990,"978-1-75082-845-8"
"redefine virtual e-services","Crystal Griffith",1993,"978-0-643-31800-7"
"engage revolutionary ROI","Jaime Bishop",2020,"978-0-554-95954-2"
"target one-to-one solutions","Jennifer Cline",2014,"978-1-962901-56-7"
"aggregate dot-com users","Shannon Cunningham",1990,"978-0-474-94821-3"
"optimize turn-key methodologies","Tonya Rodgers",1993,"978-1-77590-838-8"
"architect impactful web services","Shannon Rogers",2005,"978-1-338-56955-1"
"target visionary deliverables","Kari Hansen",2023,"978-0-294-39104-6"
"redefine 24/365 networks","Alyssa Johnson",1995,"978-0-621-90349-2"
"optimize integrated communities","Brian Roberts",2013,"978-0-490-99175-0"
"seize synergistic info-mediaries","Max Stuart",2010,"978-0-09-551908-3"
"synthesize leading-edge relationships","Sarah Gross",2023,"978-1-9998521-4-6"
"implement real-time web services","John Hogan",1994,"978-1-4176-3254-1"
"incentivize efficient communities","Jacob Long",2005,"978-0-19-641617-5"
"embrace front-end partnerships","Tammy Edwards",1990,"978-0-934863-11-7"
"optimize revolutionary functionalities","Blake Phillips",1992,"978-1-4354-7295-2"
"engage transparent e-business","Javier Hamilton",2009,"978-0-7220-3547-4"
"matrix wireless e-business","Caroline Anderson",2023,"978-1-60986-447-7"
"strategize next-generation technologies","Tonya Walker",1997,"978-0-17-685503-1"
"re-intermediate customized ROI","Donald Garcia",1993,"978-1-997122-93-7"
"synthesize customized e-services","Mary Wilson",2010,"978-0-8024-1889-0"
"embrace frictionless e-markets","Brian Brown",2001,"978-1-291-81867-3"
"target enterprise systems","Sophia Cruz",2001,"978-1-09-201976-7"
"productize dynamic relationships","Matthew Martinez",2002,"978-1-69406-922-1"
"implement B2B architectures","Jake Blackwell",2011,"978-0-7983-5611-4"
"generate 24/7 e-tailers","Ashley Torres",1990,"978-0-8457-6519-7"
"utilize back-end channels","Christopher Cooke",2005,"978-0-432-08568-4"
"synthesize transparent systems","Vanessa Archer",2021,"978-0-336-71709-4"
"evolve granular niches","Lynn Serrano",2021,"978-0-7625-4213-0"
"expedite proactive platforms","David Smith",2014,"978-1-56262-740-9"
"facilitate global communities","Michael Parker",2013,"978-0-02-780638-0"
"repurpose rich platforms","Robert Thompson",2024,"978-1-65267-033-9"
"enable 24/7 vortals","Tracy Vazquez",2023,"978-1-67323-518-0"
"implement cutting-edge action-items","John Bowen",1990,"978-0-633-18893-1"
"engage impactful content","Samantha Thomas",1993,"978-1-5413-3082-5"
"enhance mission-critical info-mediaries","Susan Herman",2024,"978-0-246-01487-0"
"maximize killer metrics","Rebecca Wright",2003,"978-0-05-915752-8"
"deliver intuitive experiences","Lisa Farrell",1998,"978-1-388-55409-5"
"utilize intuitive metrics","Christopher Shaffer",2023,"978-0-87192-743-9"
"disintermediate cross-platform relationships","Victoria Mccoy",2011,"978-0-916130-20-6"
"target sticky web services","David Kelley",2024,"978-0-337-11816-6"
"unleash bricks-and-clicks mindshare","Sheryl Gray",2002,"978-0-8173-6036-8"
"cultivate cross-platform e-markets","Monique Martinez",2008,"978-0-7892-1759-2"
"reinvent strategic deliverables","Paul Vaughn",1990,"978-0-319-31945-1"
"incentivize front-end systems","Angela Rodgers",2017,"978-0-13-020015-0"
"integrate compelling info-mediaries","Casey Romero",2007,"978-0-368-79315-8"
"seize one-to-one channels","Linda Carter",2010,"978-1-81921-422-2"
"grow visionary platforms","Tommy Murphy",2013,"978-1-5459-6837-6"
"iterate integrated deliverables","Melissa Smith",2024,"978-1-07-354801-9"
"architect bricks-and-clicks action-items","Oscar Montgomery",2019,"978-0-250-94291-6"
"optimize scalable channels","Patrick Williams",2015,"978-0-557-33967-9"
"empower turn-key mindshare","Jodi Garcia",2017,"978-1-7389182-4-9"
"scale turn-key metrics","Dr. Claudia Pearson",1999,"978-1-4009-6284-6"
"seize world-class initiatives","Mr. Brandon Moore",2010,"978-1-56353-361-7"
"scale world-class e-tailers","Susan Blackburn",1999,"978-1-397-72304-8"
"synthesize proactive systems","Garrett Gonzales",2005,"978-0-01-526335-5"
"matrix synergistic networks","Brian Evans",1990,"978-0-9515214-5-8"
"e-enable B2C e-tailers","Jacob Jackson",2003,"978-1-4493-9898-9"
"extend leading-edge bandwidth","Michelle Smith",2004,"978-1-81554-267-1"
"revolutionize ubiquitous channels","Anne Harris",2020,"978-1-4160-9233-9"
"visualize extensible mindshare","John Castro",2018,"978-0-7064-1694-7"
"leverage proactive metrics","Jonathan Keller II",2014,"978-0-440-20754-2"
"re-contextualize rich methodologies","Savannah Ramos",2011,"978-1-115-51633-4"
"extend killer methodologies","Kyle Singh",1993,"978-1-56375-213-1"
"aggregate world-class infrastructures","Morgan Silva",2003,"978-0-7261-1819-7"
"aggregate intuitive paradigms","Robert Pratt",2015,"978-1-63035-380-3"
"synergize virtual partnerships","David Malone",2003,"978-0-306-29924-7"
"envisioneer rich experiences","Denise King",2014,"978-0-16-744740-5"
"scale innovative info-mediaries","Amy Thomas",2011,"978-0-11-548289-2"
"implement collaborative models","Michelle Perez",1997,"978-1-72536-611-4"
"deploy rich metrics","James Marks",2006,"978-1-285-88347-2"
"architect best-of-breed niches","Gregory Cook",1995,"978-1-5381-3680-5"
"incubate leading-edge convergence","Angela Hernandez",2024,"978-1-112-65699-6"
"revolutionize strategic communities","Joshua Carroll",2017,"978-1-338-78370-4"
"incentivize out-of-the-box convergence","Danielle Miller",2010,"978-0-213-29653-7"
"architect intuitive content","William Kennedy",1993,"978-1-945128-66-0"
"drive enterprise eyeballs","Jonathan Shelton",2018,"978-0-251-23878-0"
"drive impactful e-markets","Rebecca Murphy",2012,"978-0-01-844192-7"
"implement efficient models","Stephanie Roberts",2004,"978-1-313-32082-5"
"synergize interactive e-commerce","Patrick Hale",1992,"978-1-74021-177-2"
"visualize scalable systems","Christina Norton",1998,"978-1-9849-2805-4"
"reinvent world-class bandwidth","Tiffany Cook",2016,"978-0-7241-5009-0"
"seize vertical synergies","Leslie Horton",2006,"978-1-270-96888-7"
"reinvent bricks-and-clicks web services","Jonathan Melendez",2007,"978-0-301-09554-7"
"synergize out-of-the-box info-mediaries","Brian Montgomery",1999,"978-0-211-12983-7"
"orchestrate robust e-markets","Mark Greene",1998,"978-0-7004-4442-7"
"re-intermediate seamless experiences","Patricia Reyes",2022,"978-0-579-75363-7"
"unleash robust metrics","Kathryn Hamilton",2023,"978-1-936170-09-8"
"expedite rich portals","Xavier Dean",2016,"978-1-64762-626-6"
"transform front-end portals","Elizabeth Browning",2018,"978-0-270-89529-2"
"extend intuitive mindshare","Robert Rowe",2024,"978-0-8021-7021-7"
"enhance integrated channels","Kyle Phillips",2022,"978-0-00-039789-8"
"benchmark dot-com technologies","John Murphy",2011,"978-0-589-88803-9"
"grow 24/7 niches","Tara Rogers",1998,"978-1-342-34708-4"
"aggregate holistic platforms","Ashley Franklin",2009,"978-1-268-96784-7"
"disintermediate out-of-the-box initiatives","John Cooper",2012,"978-1-4803-7050-0"
"monetize open-source channels","Jamie Anderson",1990,"978-1-70645-094-8"
"enable 24/7 content","Colleen Young",2019,"978-0-11-636982-6"
"e-enable open-source systems","Taylor Price",2018,"978-1-4903-9097-0"
"facilitate revolutionary vortals","Sheena Brown",2010,"978-1-65034-709-7"
"architect next-generation mindshare","Jeffrey Wallace",2003,"978-0-437-60762-1"
"productize compelling networks","Jason White",1996,"978-1-161-34193-5"
"deploy web-enabled models","David Griffin",2013,"978-1-245-67199-6"
"repurpose granular users","Margaret Thomas",2008,"978-0-270-11398-3"
"innovate innovative architectures","Wendy Thomas",2009,"978-1-74931-081-0"
"syndicate cutting-edge supply-chains","Hunter Rivera",2016,"978-0-697-63161-9"
"benchmark clicks-and-mortar applications","Steve Robinson",2009,"978-0-85872-699-4"
"envisioneer mission-critical methodologies","Anthony Charles",2002,"978-0-645-50459-0"
"grow transparent vortals","Christine Robertson",2004,"978-0-7926-1830-0"
"expedite compelling e-services","Austin Baker MD",1999,"978-1-80603-023-1"
"whiteboard collaborative e-markets","Caleb Patrick",2023,"978-1-63034-268-5"
"revolutionize virtual initiatives","Teresa Holt",1994,"978-0-909513-89-4"
"generate real-time channels","Christopher Ponce",2018,"978-1-365-29150-0"
"monetize virtual communities","Amanda Garcia",2010,"978-0-647-92818-9"
"syndicate proactive schemas","Dale Thompson",2018,"978-1-06-049226-4"
"monetize killer communities","Natalie Roth",2024,"978-0-86690-143-7"
"matrix visionary action-items","Julie Tran",2000,"978-0-16-058004-8"
"redefine dynamic e-tailers","Heather Hunt",2023,"978-1-318-85746-3"
"enable one-to-one vortals","Michael Blevins",2016,"978-0-7059-0343-1"
"seize viral interfaces","Daniel Ruiz",2008,"978-1-877018-63-3"
"unleash back-end communities","Erin Wagner",1993,"978-0-379-52209-9"
"mesh bleeding-edge solutions","Mr. Robert Collier",1990,"978-1-959534-72-3"
"drive synergistic bandwidth","Miranda Bradley",1998,"978-1-71017-417-5"
"incubate synergistic ROI","Cindy Howard",2005,"978-1-184-19010-7"
"engage plug-and-play infrastructures","Christopher Mcintyre",2010,"978-1-60564-515-5"
"deploy magnetic initiatives","Brittany Martin",1991,"978-0-329-06709-0"
"harness distributed metrics","Michael Ray",2008,"978-0-927655-12-5"
"enable one-to-one synergies","Mr. Jesse Long",2009,"978-0-7186-8306-1"
"disintermediate innovative paradigms","Brenda Kelley",2009,"978-0-85079-583-7"
"morph cross-platform schemas","Jennifer Day",1993,"978-1-65912-337-1"
"target rich e-business","Gregory Porter",2007,"978-0-8179-3068-4"
"synthesize cross-media partnerships","Mary Johns",2018,"978-1-57443-270-1"
"re-intermediate back-end web services","Matthew Martin",1994,"978-1-107-06917-6"
"innovate efficient e-services","Dr. Katrina Horne",1994,"978-1-79518-547-9"
"generate efficient metrics","Brian Rogers",2020,"978-1-946099-71-6"
"unleash cross-platform e-tailers","Natasha Rice",2020,"978-0-605-82530-7"
"enhance collaborative content","Robert Lewis",2000,"978-0-14-463776-8"
"redefine integrated schemas","Alexander Greer",1997,"978-0-343-66749-8"
"productize end-to-end web services","Valerie Morris",1996,"978-0-15-477953-3"
"productize one-to-one relationships","Alex Olson",2009,"978-0-13-890510-1"
"syndicate synergistic e-commerce","James Gallegos",2001,"978-0-353-37889-6"
"disintermediate extensible users","Sherri Dickson",2001,"978-0-16-725411-9"
"seize wireless action-items","Brooke Ruiz",2001,"978-0-380-51056-6"
"whiteboard wireless methodologies","Natalie Parks",2014,"978-0-926085-96-1"
"redefine turn-key e-markets","Amber Lowery",2020,"978-0-322-20343-3"
"deliver granular networks","Sarah Williams",2007,"978-0-9990840-2-1"
"harness next-generation ROI","John Holt",1999,"978-0-460-66481-3"
"embrace transparent synergies","Craig Petersen",2000,"978-1-121-24026-1"
"orchestrate interactive e-business","Mackenzie Moses",2015,"978-0-459-07457-9"
"productize scalable portals","Micheal Roman",2001,"978-0-692-06986-8"
"transition e-business platforms","Autumn Calderon",1992,"978-0-7130-1017-6"
"benchmark granular methodologies","Casey Singleton",2003,"978-0-481-01422-2"
"integrate synergistic models","Danielle Ritter",2017,"978-0-7353-4820-2"
"productize real-time e-business","Paula Lynch",1997,"978-1-09-235492-9"
"re-intermediate seamless partnerships","Shane Harper",2003,"978-0-01-848374-3"
"empower strategic schemas","Sonya Meyer",2010,"978-0-529-36275-9"
"e-enable intuitive metrics","Jeff Rodriguez",2014,"978-0-614-83148-1"
"matrix best-of-breed web services","George Lewis",1999,"978-1-64550-222-7"
"seize world-class web-readiness","Phillip Murphy",1995,"978-1-58821-602-1"
"redefine out-of-the-box applications","Christina Chen",1990,"978-0-8001-3147-0"
"scale cross-media info-mediaries","Jennifer Hammond",2005,"978-0-911484-00-7"
"facilitate 24/7 metrics","Cody Ho",2011,"978-0-565-83977-2"
"monetize virtual supply-chains","Joseph Mays",1990,"978-0-635-16414-8"
"leverage efficient methodologies","James Allen",2007,"978-0-19-138692-3"
"synthesize synergistic relationships","Paige Rodriguez",2004,"978-0-8125-3582-2"
"scale vertical info-mediaries","Christopher Smith",1991,"978-0-509-13707-0"
"redefine visionary channels","Melissa Pierce",1996,"978-1-82052-384-9"
"enhance leading-edge e-business","Laura Downs",2004,"978-0-326-42457-5"
"re-contextualize extensible systems","Chelsea Maddox",2012,"978-0-519-65327-0"
"utilize integrated users","Deborah Miles",2019,"978-0-06-651453-6"
"synergize next-generation ROI","Jason Medina",1999,"978-0-8438-5434-3"
"embrace end-to-end content","Amber Thomas",2000,"978-1-69458-730-5"
"engineer synergistic bandwidth","Jessica Hernandez",2010,"978-1-944783-60-0"
"scale transparent niches","Michael Simmons",2004,"978-0-363-72632-8"
"deliver back-end supply-chains","Sylvia Merritt",2005,"978-1-130-77415-3"
"transform clicks-and-mortar platforms","Joshua Castaneda",2000,"978-1-4846-8100-8"
"syndicate compelling deliverables","Dana Marsh",2012,"978-0-7086-2986-4"
"architect sticky networks","Erica Foster",1998,"978-1-9787-3006-9"
"productize revolutionary architectures","Matthew Vazquez",2008,"978-0-603-79343-1"
"aggregate 24/365 web services","Michael Hunt",1992,"978-1-889191-65-2"
"enhance intuitive vortals","Isaac Morris",2002,"978-0-517-05301-0"
"re-contextualize extensible functionalities","Gary Smith",2021,"978-0-214-61296-1"
"strategize granular content","Zoe Scott",2006,"978-1-897057-62-9"
"harness scalable experiences","Jill Jackson",1993,"978-0-7248-4036-6"
"evolve value-added technologies","Wendy Hughes",2001,"978-0-635-10822-7"
"synergize cross-platform models","Chase Miller",1991,"978-1-931224-59-8"
"iterate robust relationships","Ashley Mendoza",2021,"978-0-560-05400-2"
"scale B2B platforms","Autumn Wiley",2002,"978-1-196-17183-5"
"innovate cross-platform networks","Cheryl Rodriguez",1995,"978-0-86659-530-8"
"exploit clicks-and-mortar info-mediaries","Judy Graves",1996,"978-0-02-946436-6"
"implement 24/365 metrics","Chris Davis",2002,"978-0-654-63481-3"
"target frictionless users","Seth Long",2013,"978-1-968584-82-5"
"syndicate proactive users","Kelly Cruz",2024,"978-1-882224-74-6"
"re-contextualize plug-and-play e-markets","Joel George",2007,"978-0-349-00684-0"
"morph B2C synergies","Tiffany Rivers",2001,"978-0-9902375-8-7"
"monetize extensible niches","Mary Turner",2017,"978-1-64392-621-6"
"orchestrate killer niches","Todd Jones",2017,"978-1-149-90210-3"
"strategize visionary vortals","Gilbert Miller",1990,"978-1-300-68595-1"
"repurpose holistic networks","Ashlee Cunningham",2014,"978-0-9932331-6-6"
"disintermediate bricks-and-clicks info-mediaries","Isaac Aguilar",2014,"978-0-460-33694-9"
"implement dynamic initiatives","Gina Clark",2018,"978-1-195-66430-7"
"syndicate wireless users","Franklin Mitchell",2000,"978-1-217-45288-2"
"grow distributed applications","Victoria Green",2002,"978-1-155-62693-2"
"synergize intuitive initiatives","Jared Graves",2022,"978-1-08-569895-5"
"unleash extensible supply-chains","Cynthia Meyer",1992,"978-1-66179-370-8"
"revolutionize synergistic solutions","Mrs. Tricia Lyons",2001,"978-0-88546-566-8"
"matrix global portals","Claudia Grant",2013,"978-1-78120-387-3"
"orchestrate vertical architectures","Mrs. Latoya Bowen",2018,"978-0-918305-29-9"
"harness strategic convergence","Jon Torres",2019,"978-1-263-47077-9"
"generate clicks-and-mortar paradigms","Jessica David",2005,"978-0-10-653422-7"
"transform sticky platforms","Timothy Parsons",1999,"978-0-8278-3751-5"
"deploy integrated partnerships","Samantha Koch",1993,"978-1-349-93346-4"
"target extensible platforms","Jeremy Park",1995,"978-0-365-65301-1"
"architect seamless content","Shane Smith",2011,"978-0-7226-5418-7"
"synergize robust e-tailers","Jason Diaz",2024,"978-0-13-991748-6"
"enable best-of-breed deliverables","Christian Kelley",2001,"978-1-66602-847-8"
"harness wireless niches","Andrea Silva",2001,"978-0-14-436438-1"
"innovate e-business relationships","Luis Murphy",2023,"978-0-7769-5050-1"
"monetize end-to-end info-mediaries","Amanda Watts",1997,"978-1-77158-817-1"
"seize extensible experiences","Christine Roberson",2004,"978-1-09-470358-9"
"engineer extensible paradigms","Stephen Jordan",1990,"978-0-943041-11-7"
"repurpose extensible channels","Joe Delgado",2011,"978-0-310-72921-1"
"synthesize viral e-commerce","Michelle Cannon",2024,"978-0-903389-83-9"
"leverage bricks-and-clicks channels","Jake Morris",1997,"978-0-7912-7587-0"
"morph world-class mindshare","Tammy Smith",2024,"978-1-5215-7979-4"
"extend clicks-and-mortar eyeballs","Andres Young",1994,"978-0-533-02862-7"
"grow open-source e-services","Chase Miller",2004,"978-1-79054-337-3"
"revolutionize enterprise functionalities","Steven Choi",2001,"978-0-452-03728-1"
"monetize granular content","Patrick Brown",2002,"978-0-8116-1496-2"
"productize open-source e-tailers","Samantha Aguilar",1996,"978-1-72705-613-6"
"visualize user-centric vortals","Lee Cohen",2002,"978-0-8453-4062-2"
"expedite interactive experiences","Andrew Hall",1990,"978-0-09-766002-8"
"iterate B2C applications","Donald Mayo",2007,"978-0-696-37208-7"
"architect cross-media e-commerce","Stephen Rogers",2003,"978-1-129-66441-0"
"aggregate collaborative interfaces","Elizabeth Taylor",2003,"978-1-70504-155-0"
"generate strategic e-commerce","Dustin Mccarthy",2002,"978-0-641-48325-7"
"leverage out-of-the-box info-mediaries","Kayla Dennis",2004,"978-0-398-72897-7"
"empower vertical niches","Brittany Kennedy",1991,"978-1-09-352494-9"
"repurpose one-to-one architectures","Marc Lin",1995,"978-1-05-478993-6"
"leverage user-centric models","Kimberly Ramirez",2006,"978-1-247-67455-1"
"matrix seamless functionalities","Danny Copeland",2006,"978-1-925444-60-5"
"empower interactive relationships","Tiffany Bryant DVM",2022,"978-1-273-54723-2"
"synergize bleeding-edge deliverables","Jessica Wright",1995,"978-0-903841-06-1"
"repurpose integrated users","Jeffrey Smith",2010,"978-0-564-02911-2"
"implement robust convergence","Samantha Allison",2024,"978-0-692-76114-4"
"brand best-of-breed paradigms","Lori Richardson",1991,"978-1-08-578244-9"
"enable wireless eyeballs","Dr. Penny Beltran",2004,"978-1-64949-638-6"
"re-intermediate B2C supply-chains","Patrick Lozano",2013,"978-0-259-93559-9"
"morph real-time niches","Luis Li",2006,"978-0-87782-517-3"
"synergize visionary e-commerce","James Sanchez",2021,"978-1-100-39620-0"
"exploit collaborative portals","James Martinez",2011,"978-1-118-10218-3"
"implement enterprise vortals","Daniel Zimmerman",1992,"978-0-672-32615-8"
"utilize distributed interfaces","Leah Cross",2011,"978-1-79635-776-9"
"embrace e-business markets","Mikayla Lopez",2020,"978-1-971288-30-7"
"engineer value-added niches","Denise Adams",2001,"978-1-932632-89-7"
"empower cross-platform architectures","Aaron Arnold",2019,"978-1-958331-80-4"
"re-contextualize intuitive interfaces","Victoria Diaz",1998,"978-0-8191-4495-9"
"whiteboard user-centric users","Travis Camacho",2003,"978-0-7873-4862-5"
"whiteboard scalable portals","Nathan Martin",2019,"978-0-294-00872-2"
"whiteboard ubiquitous experiences","Mr. Brett Nash DDS",2009,"978-0-354-47011-7"
"iterate granular metrics","Nancy Cabrera",2020,"978-1-58520-215-7"
"disintermediate real-time experiences","Christina Pierce",2019,"978-0-240-65263-4"
"reinvent intuitive channels","Dr. James Boyd",2009,"978-1-65626-919-5"
"cultivate B2B networks","Regina Carson",2008,"978-0-13-255166-3"
"redefine front-end partnerships","Jason Mckay",2002,"978-1-85744-131-4"
"whiteboard e-business experiences","David Turner",2006,"978-0-340-22897-5"
"incubate value-added solutions","Caroline Burgess",2000,"978-0-8023-6255-1"
"redefine vertical niches","Daniel Contreras",1992,"978-1-4132-2234-0"
"maximize holistic technologies","Christopher Cantu",2000,"978-0-8321-6554-2"
"synergize compelling ROI","Allison Powell",2013,"978-0-8228-8554-2"
"orchestrate strategic models","Craig Jones",1996,"978-1-291-17092-4"
"architect dynamic solutions","Glenn Rowe",2012,"978-1-5323-5663-6"
"generate bricks-and-clicks supply-chains","Paul Herrera",2017,"978-0-07-972532-5"
"revolutionize ubiquitous interfaces","Daniel Rodriguez",2019,"978-1-118-70892-7"
"monetize transparent communities","Robert Erickson",2023,"978-1-4897-7855-0"
"enhance one-to-one platforms","Richard Porter",2005,"978-1-83951-143-1"
"exploit strategic supply-chains","Ralph Beck",2024,"978-0-591-60178-7"
"unleash virtual solutions","Lauren Young",2009,"978-1-68194-331-2"
"benchmark user-centric action-items","Chad Brooks",1998,"978-0-9632445-3-6"
"transform vertical architectures","Lauren Barnes",2004,"978-0-580-95373-6"
"deliver collaborative schemas","Nathan Jones",2024,"978-0-12-285755-3"
"synergize value-added solutions","Jose Smith",2009,"978-0-16-935475-6"
"disintermediate distributed relationships","Christopher Moore",2006,"978-0-404-95275-4"
"matrix distributed deliverables","Crystal Peterson",2005,"978-1-66625-550-8"
"redefine turn-key technologies","Shawn Lewis",2013,"978-1-09-299841-3"
"re-intermediate end-to-end markets","Mary Hernandez",2017,"978-1-185-42647-2"
"enable vertical synergies","Jennifer May",2012,"978-1-77094-836-5"
"orchestrate strategic functionalities","Jack Doyle",2015,"978-1-4663-5061-8"
"morph dynamic initiatives","Tyler Wallace",2020,"978-1-04-513353-3"
"evolve plug-and-play e-services","Timothy Cooper",1999,"978-1-61303-290-9"
"re-contextualize enterprise partnerships","Brooke Dominguez",2011,"978-1-05-464042-8"
"brand B2B models","Jonathan Wilkinson",2019,"978-0-483-69049-3"
"enhance magnetic e-commerce","Jose Jarvis",1992,"978-1-84719-020-8"
"productize one-to-one mindshare","Lisa Clark",2022,"978-1-5115-6379-6"
"unleash granular niches","Tim French",2018,"978-1-910997-82-6"
"unleash mission-critical e-tailers","Ashley Jones",1994,"978-0-202-23162-4"
"enhance distributed metrics","Thomas Stewart",2020,"978-0-9873309-5-6"
"enhance cross-media paradigms","Brian Frank",2017,"978-1-373-06578-0"
"redefine rich niches","Robin Watts",2009,"978-1-75453-366-2"
"transition one-to-one supply-chains","Gabriella Stout",2017,"978-1-82616-275-2"
"implement sticky users","Timothy Zimmerman",2013,"978-0-05-151720-7"
"mesh compelling e-commerce","Jennifer Patterson",2000,"978-1-896204-19-2"
"strategize rich relationships","Justin Buck",1993,"978-0-608-89718-9"
"syndicate robust ROI","Walter Jackson PhD",1993,"978-0-9893575-7-9"
"iterate holistic systems","Sierra Villa",1992,"978-0-680-38219-1"
"transform cutting-edge e-business","Jerry Smith",2003,"978-1-75633-606-3"
"whiteboard frictionless communities","Brandon Gallegos",2010,"978-0-7272-8260-6"
"deliver integrated markets","Steven Duke",2012,"978-0-451-34450-2"
"aggregate scalable schemas","Megan Thomas",1997,"978-0-653-66152-0"
"matrix customized convergence","Brian Lynch",2010,"978-1-370-36311-7"
"enhance plug-and-play web-readiness","Destiny Johnson",2017,"978-0-388-41592-4"
"target integrated e-commerce","Mary Lin",2022,"978-1-5136-3684-9"
"target transparent networks","Lori Powell",2000,"978-0-515-11655-7"
"enable e-business content","Mark Haynes",1990,"978-1-07-886586-9"
"facilitate granular web-readiness","Meredith Cunningham",2018,"978-0-554-21159-6"
"monetize cutting-edge info-mediaries","Michelle Zimmerman",1996,"978-0-226-23863-0"
"morph transparent paradigms","Stephanie Johnson",1996,"978-1-4877-3974-4"
"syndicate value-added content","Melissa Smith",1994,"978-1-03-842867-7"
"brand holistic platforms","Kyle Mitchell",2015,"978-1-286-67591-5"
"whiteboard best-of-breed infrastructures","Bailey Walton DDS",2009,"978-0-9795389-2-6"
"generate strategic eyeballs","Victoria Stevens",2017,"978-0-615-30966-8"
"e-enable real-time architectures","Christopher Wright",2005,"978-1-160-64977-3"
"enhance bleeding-edge web services","Dennis Hawkins",1996,"978-1-03-723557-3"
"aggregate value-added web-readiness","Dr. Rachel Barton",2004,"978-0-314-81559-0"
"utilize best-of-breed vortals","Margaret Chavez",2024,"978-1-09-265084-7"
"innovate leading-edge web services","Catherine Russo",1998,"978-1-896014-21-0"
"disintermediate one-to-one architectures","Angela Doyle",2023,"978-0-16-018950-0"
"evolve rich e-markets","Penny Johnson",2006,"978-0-695-20846-2"
"maximize granular web services","Glenn Ross DDS",1990,"978-0-89278-500-1"
"repurpose scalable systems","David Blackwell",1990,"978-1-4777-7991-0"
"engineer open-source relationships","Alison Fuentes",1991,"978-0-362-53125-1"
"transition open-source platforms","Craig Ibarra",2022,"978-1-7389864-3-9"
"streamline front-end mindshare","Cassandra Waters",2019,"978-0-428-71247-1"
"disintermediate ubiquitous metrics","Sarah Duarte",1993,"978-0-639-52939-4"
"empower cross-platform relationships","Robert Mckay",2024,"978-1-328-87708-6"
"seize best-of-breed bandwidth","Anthony Sampson",2011,"978-0-300-90897-8"
"architect e-business vortals","Tanya Brooks",2010,"978-0-7298-7489-2"
"seize one-to-one e-commerce","Pamela Jennings",2007,"978-0-466-58938-7"
"innovate mission-critical bandwidth","Holly Morrison",2013,"978-0-02-897982-3"
"envisioneer open-source niches","Geoffrey Yoder",2004,"978-0-8103-0740-7"
"e-enable end-to-end content","Justin Barrett",2017,"978-0-7125-6456-4"
"harness collaborative relationships","Jessica Moore",2013,"978-0-651-58747-1"
"benchmark 24/7 info-mediaries","Heather Nelson",2018,"978-1-996039-43-4"
"whiteboard 24/7 action-items","Rebecca Leblanc",2014,"978-0-89212-877-8"
"exploit bricks-and-clicks eyeballs","Cheryl Cole",2014,"978-0-313-60569-7"
"empower virtual supply-chains","Michelle Fuller",2015,"978-1-198-54373-9"
"deploy cutting-edge eyeballs","Douglas Ramos",2019,"978-1-5478-1516-6"
"orchestrate enterprise vortals","Kevin Thompson",1991,"978-1-274-14767-7"
"implement scalable e-business","Joshua Miller",1992,"978-0-663-49126-1"
"syndicate value-added methodologies","Patricia Knight",1991,"978-1-5384-3473-4"
"mesh user-centric web services","Evan Weber",1997,"978-1-72238-937-6"
"extend turn-key architectures","Amy Crawford",2022,"978-1-62329-906-4"
"visualize efficient e-markets","Laura Caldwell",1996,"978-0-294-97293-1"
"exploit impactful ROI","Yesenia Thomas DDS",1999,"978-0-14-651099-1"
"deploy front-end metrics","Shawn Garcia",2008,"978-1-382-25640-7"
"incubate killer e-commerce","Joshua Peters",2010,"978-0-558-71251-8"
"leverage virtual applications","Alicia Marquez",2004,"978-1-76860-791-5"
"deliver strategic platforms","Alexandra Hunter",2016,"978-0-684-41521-5"
"synergize best-of-breed bandwidth","Erin Johnson",1998,"978-0-7169-6965-5"
"brand scalable technologies","Keith Sullivan",2021,"978-1-81816-373-6"
"drive seamless markets","Meghan Serrano",2000,"978-0-7083-7095-7"
"e-enable cross-platform deliverables","James Goodwin",2017,"978-0-370-60387-2"
"utilize end-to-end initiatives","Theresa Sanchez",2002,"978-1-72437-471-4"
"evolve enterprise architectures","Lori Hall",2005,"978-0-431-49616-0"
"mesh strategic solutions","Mary Smith",1998,"978-0-09-530665-2"
"unleash magnetic initiatives","Brian Rodriguez",2014,"978-1-314-67857-4"
"engineer synergistic action-items","Cassandra Cobb",1997,"978-0-398-96467-2"
"incentivize web-enabled infrastructures","Phillip Phillips",2021,"978-1-5259-8960-5"
"syndicate collaborative methodologies","Stephanie Alexander",1997,"978-1-76754-926-1"
"extend cross-media initiatives","Brandy Miller",2000,"978-1-4752-5781-6"
"orchestrate 24/7 paradigms","Matthew Berg",2015,"978-0-19-074982-8"
"aggregate holistic web-readiness","Levi Rosales",2014,"978-0-443-58522-7"
"strategize dynamic mindshare","Jared Jones",2020,"978-1-84748-028-6"
"envisioneer synergistic markets","Alan Frazier",2011,"978-1-62105-012-4"
"cultivate magnetic paradigms","Nathan Henderson",2008,"978-0-15-735658-8"
"deploy one-to-one markets","Joseph Gibbs",2006,"978-0-539-60292-0"
"whiteboard rich applications","Chelsea Ramirez",2011,"978-1-319-90881-2"
"orchestrate proactive experiences","Jacob Daniel",2018,"978-0-526-69019-0"
"orchestrate synergistic partnerships","Katie Case",1993,"978-0-224-61098-8"
"streamline B2B e-commerce","Sydney Meza",2004,"978-0-13-617207-9"
"deliver front-end platforms","Jeffrey Reed Jr.",1991,"978-0-526-23110-2"
"e-enable dot-com content","Heather Obrien",2011,"978-0-9822609-3-7"
"revolutionize collaborative supply-chains","Kenneth Miller",2019,"978-0-19-819365-4"
"optimize world-class architectures","Brandy Clark",2008,"978-1-07-204059-0"
"revolutionize visionary architectures","Anthony Phillips",1994,"978-1-105-27838-9"
"integrate 24/7 channels","Shawn Murphy",1996,"978-0-07-459140-6"
"strategize bleeding-edge methodologies","Brian Thompson",2008,"978-0-17-567480-0"
"re-contextualize enterprise applications","Christine Kirk",2003,"978-0-18-830309-4"
"innovate clicks-and-mortar models","Michael Smith",2001,"978-0-260-24225-9"
"implement intuitive users","James Allen",2003,"978-1-258-33565-6"
"transition enterprise infrastructures","Steven Osborn",1993,"978-0-9513407-3-8"
"redefine B2C methodologies","Benjamin Jones",2004,"978-1-4506-8561-0"
"transition integrated synergies","Emily Peterson",2014,"978-0-8129-4643-7"
"engage B2C e-business","Mrs. Vanessa Garcia",2020,"978-0-8321-8439-0"
"expedite next-generation e-services","Derek Taylor",1993,"978-0-615-04768-3"
"visualize enterprise functionalities","Tina Merritt",1993,"978-1-80622-504-0"
"re-contextualize world-class e-business","Lauren Bailey",1998,"978-1-249-30474-6"
"re-intermediate revolutionary networks","Jessica Miller",2009,"978-1-118-18456-1"
"deploy dot-com web-readiness","Abigail Barajas",2017,"978-1-56579-707-9"
"leverage end-to-end e-business","Erik Smith",1991,"978-1-376-53490-0"
"leverage B2B paradigms","Kim Terry",1999,"978-0-911301-70-0"
"grow front-end interfaces","Rebecca Wilkinson",2009,"978-1-386-08643-7"
"whiteboard virtual markets","Roy Stephenson",1993,"978-1-77953-988-5"
"brand B2B functionalities","Justin Mendoza",2001,"978-0-585-85983-5"
"synthesize end-to-end partnerships","Alfred Avery",2005,"978-1-83254-850-2"
"scale 24/7 networks","Michael Evans",2016,"978-0-10-087388-9"
"strategize synergistic e-business","Adrian Turner",2020,"978-1-396-12557-7"
"embrace 24/365 web-readiness","Mrs. Katherine Davis",2004,"978-1-70742-153-4"
"target dot-com interfaces","Gary Sanchez",2003,"978-1-9814-4826-5"
"seize user-centric info-mediaries","Mark Snyder",2001,"978-1-86666-595-4"
"disintermediate user-centric platforms","Bethany Wilson",1998,"978-0-09-210375-9"
"grow rich markets","William Bass Jr.",1997,"978-1-5425-5578-4"
"evolve interactive relationships","Alexander Patterson",1998,"978-1-86620-543-3"
"visualize sticky e-commerce","Anthony Dunlap MD",1993,"978-0-88445-878-4"
"drive leading-edge relationships","Barbara Grant",1992,"978-1-172-49590-0"
"empower user-centric ROI","Shawna Johnson",2012,"978-0-19-786137-0"
"expedite web-enabled paradigms","Maureen Robertson",2011,"978-0-9843097-1-9"
"enhance e-business systems","Jason Rodriguez",2004,"978-0-9723440-3-6"
"reinvent bricks-and-clicks synergies","Christine Burnett",2004,"978-0-642-06119-5"
"cultivate end-to-end platforms","Kathleen Burnett",1990,"978-0-544-09227-3"
"exploit user-centric relationships","Perry Sanchez",1993,"978-0-318-98271-7"
"morph synergistic mindshare","Sara Chen",1993,"978-0-7475-5922-1"
"brand transparent relationships","John Brennan",2022,"978-1-4213-4815-5"
"facilitate customized ROI","Kevin Thomas",2020,"978-0-04-824647-9"
"target ubiquitous e-commerce","Glenda Macias",2004,"978-0-929256-58-0"
"mesh turn-key info-mediaries","Cindy Kelly",1990,"978-1-07-552436-3"
"deploy cross-media convergence","Nathan Phillips",2001,"978-0-393-44945-7"
"orchestrate plug-and-play synergies","Sylvia Wilson",2002,"978-1-72797-360-0"
"target plug-and-play e-commerce","Emily Young",2021,"978-1-382-20607-5"
"re-intermediate transparent initiatives","Evelyn Summers",2002,"978-1-232-93398-4"
"incubate turn-key web services","Tyler Crawford",2008,"978-1-82592-470-2"
"productize dot-com ROI","Patricia Vance",1999,"978-0-219-22730-6"
"implement interactive functionalities","Christopher Jefferson",2020,"978-0-559-31895-5"
"generate back-end synergies","Danielle Lynch",2011,"978-1-5078-7924-5"
"strategize end-to-end web-readiness","Sharon Goodman",2023,"978-0-09-890766-5"
"iterate clicks-and-mortar web services","Steven Smith",1995,"978-0-378-17597-5"
"facilitate intuitive platforms","Dana Ramirez",1992,"978-0-85330-414-2"
"seize back-end web-readiness","Amy Martinez",2018,"978-1-57818-654-9"
"implement interactive action-items","Christopher Castillo",2023,"978-0-623-23931-5"
"target cross-platform convergence","Kelly Gonzalez",2019,"978-1-5365-0119-3"
"deploy out-of-the-box interfaces","Richard Scott",1998,"978-1-86350-171-2"
"enable open-source architectures","David Davidson",2000,"978-1-86034-356-8"
"expedite B2C supply-chains","Kathy Clark",2019,"978-0-03-360909-8"
"deliver dot-com experiences","Leonard Oconnor",2021,"978-1-4734-0690-2"
"enable web-enabled deliverables","Jeffery Schmidt",2018,"978-1-129-14529-2"
"disintermediate magnetic applications","Maurice Cabrera",1990,"978-0-7061-7504-2"
"embrace transparent architectures","Stacy Garner",2000,"978-1-56134-422-2"
"transition front-end interfaces","Lori Gray",2013,"978-0-234-69696-5"
"iterate B2B niches","Jacqueline Salinas",2006,"978-0-7384-1531-4"
"extend viral architectures","Jeffrey Miller",2005,"978-1-4589-3849-7"
"implement dot-com supply-chains","Michael Kelly",2005,"978-1-82149-789-7"
"monetize dot-com infrastructures","Jacob Harris",1998,"978-0-7430-4937-5"
"deliver extensible e-tailers","Daniel Espinoza",2020,"978-1-875982-48-6"
"disintermediate robust methodologies","Brenda Matthews",2019,"978-1-890617-15-8"
"reinvent bricks-and-clicks niches","Phillip Dickson",2011,"978-0-8136-0492-3"
"enable B2B niches","Jessica Carlson",2001,"978-1-76430-568-6"
"disintermediate next-generation web-readiness","Thomas Smith",1992,"978-0-935117-90-5"
"whiteboard next-generation e-tailers","Melissa Fisher",2021,"978-1-66876-281-3"
"visualize dot-com users","Kendra Swanson",2015,"978-1-959583-81-3"
"redefine scalable experiences","Pamela Jones",2007,"978-1-78802-596-6"
"integrate innovative methodologies","Michael Fisher",2009,"978-0-8464-0116-2"
"integrate turn-key paradigms","Joseph Sims",2020,"978-0-662-05007-0"
"morph next-generation info-mediaries","Michael Love",1997,"978-1-70971-450-4"
"whiteboard sticky action-items","Lisa Parrish",2009,"978-1-79395-269-1"
"reinvent end-to-end solutions","Zachary Davis",2005,"978-0-7901-2415-5"
"redefine open-source action-items","Kayla Eaton",2018,"978-0-531-38161-8"
"expedite mission-critical metrics","Mark Carr",1995,"978-0-376-75378-6"